{"pages":["segoescb.png"],"chars":[{"id":1078,"index":377,"char":"ж","width":57,"height":26,"xoffset":0,"yoffset":12,"xadvance":47,"chnl":15,"x":0,"y":0,"page":0},{"id":1084,"index":370,"char":"м","width":57,"height":24,"xoffset":-2,"yoffset":12,"xadvance":46,"chnl":15,"x":58,"y":0,"page":0},{"id":1065,"index":361,"char":"Щ","width":52,"height":44,"xoffset":2,"yoffset":1,"xadvance":54,"chnl":15,"x":116,"y":0,"page":0},{"id":1096,"index":383,"char":"ш","width":52,"height":23,"xoffset":2,"yoffset":13,"xadvance":45,"chnl":15,"x":58,"y":25,"page":0},{"id":109,"index":80,"char":"m","width":49,"height":24,"xoffset":2,"yoffset":13,"xadvance":43,"chnl":15,"x":0,"y":27,"page":0},{"id":1090,"index":373,"char":"т","width":49,"height":24,"xoffset":2,"yoffset":13,"xadvance":43,"chnl":15,"x":169,"y":0,"page":0},{"id":1049,"index":412,"char":"Й","width":34,"height":48,"xoffset":2,"yoffset":-10,"xadvance":39,"chnl":15,"x":219,"y":0,"page":0},{"id":91,"index":62,"char":"[","width":18,"height":47,"xoffset":1,"yoffset":1,"xadvance":17,"chnl":15,"x":169,"y":25,"page":0},{"id":93,"index":64,"char":"]","width":21,"height":47,"xoffset":-3,"yoffset":0,"xadvance":18,"chnl":15,"x":188,"y":25,"page":0},{"id":40,"index":11,"char":"(","width":20,"height":47,"xoffset":-1,"yoffset":1,"xadvance":17,"chnl":15,"x":111,"y":45,"page":0},{"id":41,"index":12,"char":")","width":18,"height":47,"xoffset":-2,"yoffset":0,"xadvance":15,"chnl":15,"x":132,"y":45,"page":0},{"id":1064,"index":349,"char":"Ш","width":47,"height":35,"xoffset":1,"yoffset":2,"xadvance":51,"chnl":15,"x":50,"y":49,"page":0},{"id":1092,"index":381,"char":"ф","width":38,"height":47,"xoffset":-2,"yoffset":1,"xadvance":35,"chnl":15,"x":0,"y":52,"page":0},{"id":119,"index":90,"char":"w","width":46,"height":26,"xoffset":3,"yoffset":14,"xadvance":38,"chnl":15,"x":39,"y":85,"page":0},{"id":102,"index":73,"char":"f","width":29,"height":46,"xoffset":-3,"yoffset":2,"xadvance":17,"chnl":15,"x":0,"y":100,"page":0},{"id":106,"index":77,"char":"j","width":23,"height":46,"xoffset":-7,"yoffset":1,"xadvance":13,"chnl":15,"x":86,"y":85,"page":0},{"id":1046,"index":344,"char":"Ж","width":46,"height":39,"xoffset":-3,"yoffset":0,"xadvance":43,"chnl":15,"x":30,"y":112,"page":0},{"id":1097,"index":384,"char":"щ","width":46,"height":34,"xoffset":2,"yoffset":14,"xadvance":47,"chnl":15,"x":254,"y":0,"page":0},{"id":1031,"index":413,"char":"Ї","width":19,"height":45,"xoffset":0,"yoffset":-7,"xadvance":13,"chnl":15,"x":0,"y":147,"page":0},{"id":87,"index":58,"char":"W","width":44,"height":39,"xoffset":0,"yoffset":0,"xadvance":43,"chnl":15,"x":301,"y":0,"page":0},{"id":1062,"index":358,"char":"Ц","width":36,"height":44,"xoffset":1,"yoffset":3,"xadvance":37,"chnl":15,"x":254,"y":35,"page":0},{"id":1060,"index":350,"char":"Ф","width":37,"height":43,"xoffset":0,"yoffset":-2,"xadvance":37,"chnl":15,"x":210,"y":49,"page":0},{"id":1052,"index":347,"char":"М","width":43,"height":37,"xoffset":1,"yoffset":1,"xadvance":45,"chnl":15,"x":151,"y":73,"page":0},{"id":1070,"index":353,"char":"Ю","width":43,"height":37,"xoffset":1,"yoffset":1,"xadvance":42,"chnl":15,"x":346,"y":0,"page":0},{"id":1168,"index":404,"char":"Ґ","width":32,"height":43,"xoffset":2,"yoffset":-5,"xadvance":30,"chnl":15,"x":110,"y":93,"page":0},{"id":1103,"index":402,"char":"я","width":43,"height":25,"xoffset":-3,"yoffset":11,"xadvance":32,"chnl":15,"x":390,"y":0,"page":0},{"id":81,"index":52,"char":"Q","width":35,"height":42,"xoffset":0,"yoffset":2,"xadvance":35,"chnl":15,"x":434,"y":0,"page":0},{"id":104,"index":75,"char":"h","width":41,"height":37,"xoffset":1,"yoffset":2,"xadvance":33,"chnl":15,"x":390,"y":26,"page":0},{"id":89,"index":60,"char":"Y","width":33,"height":41,"xoffset":-1,"yoffset":-2,"xadvance":29,"chnl":15,"x":346,"y":38,"page":0},{"id":77,"index":48,"char":"M","width":41,"height":39,"xoffset":0,"yoffset":0,"xadvance":42,"chnl":15,"x":291,"y":40,"page":0},{"id":36,"index":7,"char":"$","width":25,"height":41,"xoffset":-2,"yoffset":1,"xadvance":23,"chnl":15,"x":77,"y":132,"page":0},{"id":1061,"index":336,"char":"Х","width":35,"height":41,"xoffset":0,"yoffset":0,"xadvance":33,"chnl":15,"x":20,"y":152,"page":0},{"id":1083,"index":379,"char":"л","width":41,"height":25,"xoffset":-2,"yoffset":12,"xadvance":31,"chnl":15,"x":470,"y":0,"page":0},{"id":117,"index":88,"char":"u","width":40,"height":25,"xoffset":2,"yoffset":12,"xadvance":32,"chnl":15,"x":512,"y":0,"page":0},{"id":90,"index":61,"char":"Z","width":40,"height":32,"xoffset":0,"yoffset":4,"xadvance":36,"chnl":15,"x":553,"y":0,"page":0},{"id":1040,"index":324,"char":"А","width":40,"height":38,"xoffset":-2,"yoffset":1,"xadvance":36,"chnl":15,"x":470,"y":26,"page":0},{"id":100,"index":71,"char":"d","width":39,"height":36,"xoffset":-1,"yoffset":1,"xadvance":30,"chnl":15,"x":511,"y":26,"page":0},{"id":98,"index":69,"char":"b","width":35,"height":39,"xoffset":2,"yoffset":1,"xadvance":28,"chnl":15,"x":432,"y":43,"page":0},{"id":110,"index":81,"char":"n","width":39,"height":22,"xoffset":2,"yoffset":13,"xadvance":32,"chnl":15,"x":380,"y":64,"page":0},{"id":71,"index":42,"char":"G","width":35,"height":39,"xoffset":0,"yoffset":2,"xadvance":34,"chnl":15,"x":248,"y":80,"page":0},{"id":78,"index":49,"char":"N","width":34,"height":39,"xoffset":1,"yoffset":0,"xadvance":35,"chnl":15,"x":195,"y":93,"page":0},{"id":47,"index":18,"char":"/","width":29,"height":39,"xoffset":-3,"yoffset":1,"xadvance":24,"chnl":15,"x":143,"y":111,"page":0},{"id":1047,"index":345,"char":"З","width":28,"height":39,"xoffset":-1,"yoffset":1,"xadvance":27,"chnl":15,"x":103,"y":137,"page":0},{"id":1051,"index":343,"char":"Л","width":39,"height":37,"xoffset":-4,"yoffset":2,"xadvance":35,"chnl":15,"x":56,"y":174,"page":0},{"id":1057,"index":365,"char":"С","width":39,"height":36,"xoffset":0,"yoffset":2,"xadvance":38,"chnl":15,"x":0,"y":194,"page":0},{"id":1058,"index":330,"char":"Т","width":39,"height":36,"xoffset":-3,"yoffset":2,"xadvance":33,"chnl":15,"x":284,"y":80,"page":0},{"id":1081,"index":411,"char":"й","width":39,"height":36,"xoffset":1,"yoffset":1,"xadvance":32,"chnl":15,"x":324,"y":80,"page":0},{"id":1087,"index":380,"char":"п","width":39,"height":22,"xoffset":2,"yoffset":14,"xadvance":32,"chnl":15,"x":594,"y":0,"page":0},{"id":1080,"index":393,"char":"и","width":39,"height":24,"xoffset":1,"yoffset":13,"xadvance":32,"chnl":15,"x":634,"y":0,"page":0},{"id":112,"index":83,"char":"p","width":38,"height":36,"xoffset":0,"yoffset":12,"xadvance":28,"chnl":15,"x":594,"y":23,"page":0},{"id":65,"index":36,"char":"A","width":38,"height":36,"xoffset":-2,"yoffset":2,"xadvance":35,"chnl":15,"x":551,"y":33,"page":0},{"id":72,"index":43,"char":"H","width":34,"height":38,"xoffset":1,"yoffset":0,"xadvance":35,"chnl":15,"x":511,"y":63,"page":0},{"id":1050,"index":346,"char":"К","width":38,"height":38,"xoffset":3,"yoffset":0,"xadvance":40,"chnl":15,"x":468,"y":65,"page":0},{"id":1044,"index":416,"char":"Д","width":38,"height":33,"xoffset":-2,"yoffset":4,"xadvance":35,"chnl":15,"x":420,"y":83,"page":0},{"id":1071,"index":354,"char":"Я","width":33,"height":38,"xoffset":-1,"yoffset":1,"xadvance":31,"chnl":15,"x":364,"y":87,"page":0},{"id":1063,"index":360,"char":"Ч","width":30,"height":38,"xoffset":2,"yoffset":1,"xadvance":34,"chnl":15,"x":284,"y":117,"page":0},{"id":1068,"index":352,"char":"Ь","width":29,"height":38,"xoffset":2,"yoffset":1,"xadvance":31,"chnl":15,"x":315,"y":117,"page":0},{"id":1041,"index":340,"char":"Б","width":29,"height":38,"xoffset":1,"yoffset":2,"xadvance":29,"chnl":15,"x":230,"y":120,"page":0},{"id":1088,"index":372,"char":"р","width":38,"height":36,"xoffset":0,"yoffset":12,"xadvance":28,"chnl":15,"x":173,"y":133,"page":0},{"id":113,"index":84,"char":"q","width":36,"height":37,"xoffset":0,"yoffset":10,"xadvance":27,"chnl":15,"x":132,"y":151,"page":0},{"id":116,"index":87,"char":"t","width":29,"height":37,"xoffset":-2,"yoffset":3,"xadvance":16,"chnl":15,"x":96,"y":177,"page":0},{"id":97,"index":68,"char":"a","width":37,"height":25,"xoffset":-1,"yoffset":12,"xadvance":28,"chnl":15,"x":40,"y":212,"page":0},{"id":82,"index":53,"char":"R","width":37,"height":35,"xoffset":2,"yoffset":3,"xadvance":37,"chnl":15,"x":0,"y":231,"page":0},{"id":80,"index":51,"char":"P","width":32,"height":37,"xoffset":2,"yoffset":2,"xadvance":33,"chnl":15,"x":674,"y":0,"page":0},{"id":67,"index":38,"char":"C","width":37,"height":36,"xoffset":1,"yoffset":2,"xadvance":31,"chnl":15,"x":633,"y":25,"page":0},{"id":66,"index":37,"char":"B","width":30,"height":37,"xoffset":2,"yoffset":2,"xadvance":32,"chnl":15,"x":590,"y":60,"page":0},{"id":1059,"index":331,"char":"У","width":36,"height":37,"xoffset":-3,"yoffset":2,"xadvance":29,"chnl":15,"x":546,"y":70,"page":0},{"id":1053,"index":327,"char":"Н","width":33,"height":37,"xoffset":1,"yoffset":1,"xadvance":34,"chnl":15,"x":507,"y":102,"page":0},{"id":1042,"index":325,"char":"В","width":30,"height":37,"xoffset":2,"yoffset":2,"xadvance":32,"chnl":15,"x":459,"y":104,"page":0},{"id":1056,"index":329,"char":"Р","width":32,"height":37,"xoffset":1,"yoffset":2,"xadvance":31,"chnl":15,"x":398,"y":117,"page":0},{"id":1054,"index":328,"char":"О","width":37,"height":36,"xoffset":0,"yoffset":2,"xadvance":38,"chnl":15,"x":345,"y":126,"page":0},{"id":1028,"index":364,"char":"Є","width":30,"height":37,"xoffset":0,"yoffset":1,"xadvance":28,"chnl":15,"x":260,"y":156,"page":0},{"id":1048,"index":342,"char":"И","width":34,"height":37,"xoffset":2,"yoffset":1,"xadvance":39,"chnl":15,"x":212,"y":159,"page":0},{"id":1085,"index":390,"char":"н","width":37,"height":26,"xoffset":2,"yoffset":12,"xadvance":31,"chnl":15,"x":169,"y":170,"page":0},{"id":1095,"index":382,"char":"ч","width":37,"height":28,"xoffset":3,"yoffset":11,"xadvance":31,"chnl":15,"x":126,"y":189,"page":0},{"id":105,"index":76,"char":"i","width":26,"height":36,"xoffset":2,"yoffset":1,"xadvance":20,"chnl":15,"x":431,"y":117,"page":0},{"id":103,"index":74,"char":"g","width":25,"height":36,"xoffset":-4,"yoffset":11,"xadvance":20,"chnl":15,"x":78,"y":215,"page":0},{"id":107,"index":78,"char":"k","width":33,"height":36,"xoffset":1,"yoffset":2,"xadvance":29,"chnl":15,"x":38,"y":238,"page":0},{"id":120,"index":91,"char":"x","width":36,"height":28,"xoffset":1,"yoffset":14,"xadvance":28,"chnl":15,"x":0,"y":267,"page":0},{"id":84,"index":55,"char":"T","width":36,"height":34,"xoffset":-2,"yoffset":4,"xadvance":29,"chnl":15,"x":291,"y":156,"page":0},{"id":85,"index":56,"char":"U","width":32,"height":36,"xoffset":1,"yoffset":2,"xadvance":32,"chnl":15,"x":707,"y":0,"page":0},{"id":83,"index":54,"char":"S","width":28,"height":36,"xoffset":-2,"yoffset":3,"xadvance":26,"chnl":15,"x":740,"y":0,"page":0},{"id":70,"index":41,"char":"F","width":28,"height":36,"xoffset":1,"yoffset":2,"xadvance":24,"chnl":15,"x":769,"y":0,"page":0},{"id":75,"index":46,"char":"K","width":32,"height":36,"xoffset":3,"yoffset":3,"xadvance":33,"chnl":15,"x":798,"y":0,"page":0},{"id":76,"index":47,"char":"L","width":28,"height":36,"xoffset":2,"yoffset":3,"xadvance":28,"chnl":15,"x":831,"y":0,"page":0},{"id":88,"index":59,"char":"X","width":35,"height":36,"xoffset":-2,"yoffset":2,"xadvance":31,"chnl":15,"x":860,"y":0,"page":0},{"id":35,"index":6,"char":"#","width":36,"height":33,"xoffset":-1,"yoffset":3,"xadvance":33,"chnl":15,"x":896,"y":0,"page":0},{"id":38,"index":9,"char":"&","width":36,"height":36,"xoffset":1,"yoffset":2,"xadvance":39,"chnl":15,"x":933,"y":0,"page":0},{"id":1043,"index":341,"char":"Г","width":31,"height":36,"xoffset":2,"yoffset":2,"xadvance":29,"chnl":15,"x":896,"y":34,"page":0},{"id":1091,"index":374,"char":"у","width":26,"height":36,"xoffset":2,"yoffset":12,"xadvance":29,"chnl":15,"x":970,"y":0,"page":0},{"id":1082,"index":369,"char":"к","width":36,"height":24,"xoffset":2,"yoffset":13,"xadvance":29,"chnl":15,"x":928,"y":37,"page":0},{"id":1079,"index":378,"char":"з","width":33,"height":36,"xoffset":0,"yoffset":10,"xadvance":23,"chnl":15,"x":965,"y":37,"page":0},{"id":1093,"index":391,"char":"х","width":36,"height":27,"xoffset":1,"yoffset":14,"xadvance":28,"chnl":15,"x":928,"y":62,"page":0},{"id":1110,"index":398,"char":"і","width":26,"height":36,"xoffset":2,"yoffset":1,"xadvance":20,"chnl":15,"x":997,"y":0,"page":0},{"id":1072,"index":366,"char":"а","width":36,"height":25,"xoffset":0,"yoffset":11,"xadvance":28,"chnl":15,"x":965,"y":74,"page":0},{"id":1076,"index":376,"char":"д","width":23,"height":36,"xoffset":0,"yoffset":2,"xadvance":21,"chnl":15,"x":999,"y":37,"page":0},{"id":1073,"index":375,"char":"б","width":23,"height":36,"xoffset":0,"yoffset":1,"xadvance":19,"chnl":15,"x":707,"y":37,"page":0},{"id":121,"index":92,"char":"y","width":26,"height":35,"xoffset":1,"yoffset":12,"xadvance":26,"chnl":15,"x":671,"y":38,"page":0},{"id":111,"index":82,"char":"o","width":35,"height":25,"xoffset":-1,"yoffset":12,"xadvance":24,"chnl":15,"x":621,"y":62,"page":0},{"id":108,"index":79,"char":"l","width":24,"height":35,"xoffset":2,"yoffset":1,"xadvance":19,"chnl":15,"x":731,"y":37,"page":0},{"id":69,"index":40,"char":"E","width":33,"height":35,"xoffset":1,"yoffset":2,"xadvance":32,"chnl":15,"x":756,"y":37,"page":0},{"id":79,"index":50,"char":"O","width":35,"height":35,"xoffset":0,"yoffset":3,"xadvance":34,"chnl":15,"x":790,"y":37,"page":0},{"id":74,"index":45,"char":"J","width":27,"height":35,"xoffset":-1,"yoffset":2,"xadvance":26,"chnl":15,"x":826,"y":37,"page":0},{"id":86,"index":57,"char":"V","width":34,"height":35,"xoffset":-1,"yoffset":2,"xadvance":31,"chnl":15,"x":854,"y":37,"page":0},{"id":52,"index":23,"char":"4","width":33,"height":35,"xoffset":-1,"yoffset":4,"xadvance":31,"chnl":15,"x":889,"y":71,"page":0},{"id":64,"index":35,"char":"@","width":35,"height":35,"xoffset":0,"yoffset":2,"xadvance":35,"chnl":15,"x":923,"y":90,"page":0},{"id":1074,"index":367,"char":"в","width":21,"height":35,"xoffset":0,"yoffset":2,"xadvance":19,"chnl":15,"x":260,"y":120,"page":0},{"id":1102,"index":388,"char":"ю","width":35,"height":27,"xoffset":1,"yoffset":11,"xadvance":35,"chnl":15,"x":959,"y":100,"page":0},{"id":73,"index":44,"char":"I","width":13,"height":34,"xoffset":1,"yoffset":3,"xadvance":13,"chnl":15,"x":657,"y":62,"page":0},{"id":68,"index":39,"char":"D","width":34,"height":32,"xoffset":3,"yoffset":4,"xadvance":36,"chnl":15,"x":621,"y":88,"page":0},{"id":50,"index":21,"char":"2","width":33,"height":34,"xoffset":-1,"yoffset":5,"xadvance":31,"chnl":15,"x":583,"y":98,"page":0},{"id":53,"index":24,"char":"5","width":34,"height":32,"xoffset":1,"yoffset":6,"xadvance":31,"chnl":15,"x":541,"y":108,"page":0},{"id":48,"index":19,"char":"0","width":34,"height":32,"xoffset":-2,"yoffset":5,"xadvance":31,"chnl":15,"x":490,"y":140,"page":0},{"id":33,"index":4,"char":"!","width":13,"height":34,"xoffset":0,"yoffset":3,"xadvance":14,"chnl":15,"x":383,"y":126,"page":0},{"id":1045,"index":326,"char":"Е","width":29,"height":34,"xoffset":1,"yoffset":3,"xadvance":29,"chnl":15,"x":995,"y":100,"page":0},{"id":1030,"index":359,"char":"І","width":14,"height":34,"xoffset":0,"yoffset":3,"xadvance":13,"chnl":15,"x":490,"y":104,"page":0},{"id":1055,"index":348,"char":"П","width":33,"height":34,"xoffset":2,"yoffset":4,"xadvance":33,"chnl":15,"x":431,"y":154,"page":0},{"id":1086,"index":371,"char":"о","width":34,"height":24,"xoffset":-1,"yoffset":12,"xadvance":25,"chnl":15,"x":383,"y":161,"page":0},{"id":118,"index":89,"char":"v","width":33,"height":25,"xoffset":2,"yoffset":14,"xadvance":24,"chnl":15,"x":328,"y":163,"page":0},{"id":49,"index":20,"char":"1","width":29,"height":33,"xoffset":1,"yoffset":5,"xadvance":31,"chnl":15,"x":362,"y":186,"page":0},{"id":1111,"index":410,"char":"ї","width":28,"height":33,"xoffset":1,"yoffset":4,"xadvance":19,"chnl":15,"x":328,"y":189,"page":0},{"id":55,"index":26,"char":"7","width":29,"height":32,"xoffset":1,"yoffset":6,"xadvance":31,"chnl":15,"x":291,"y":191,"page":0},{"id":56,"index":27,"char":"8","width":25,"height":32,"xoffset":3,"yoffset":6,"xadvance":31,"chnl":15,"x":392,"y":186,"page":0},{"id":37,"index":8,"char":"%","width":30,"height":32,"xoffset":0,"yoffset":4,"xadvance":31,"chnl":15,"x":247,"y":194,"page":0},{"id":1094,"index":392,"char":"ц","width":32,"height":32,"xoffset":1,"yoffset":14,"xadvance":32,"chnl":15,"x":164,"y":197,"page":0},{"id":99,"index":70,"char":"c","width":31,"height":26,"xoffset":0,"yoffset":11,"xadvance":22,"chnl":15,"x":197,"y":197,"page":0},{"id":51,"index":22,"char":"3","width":29,"height":31,"xoffset":1,"yoffset":6,"xadvance":31,"chnl":15,"x":197,"y":224,"page":0},{"id":54,"index":25,"char":"6","width":29,"height":31,"xoffset":1,"yoffset":5,"xadvance":31,"chnl":15,"x":104,"y":218,"page":0},{"id":57,"index":28,"char":"9","width":26,"height":31,"xoffset":3,"yoffset":6,"xadvance":31,"chnl":15,"x":134,"y":218,"page":0},{"id":1169,"index":418,"char":"ґ","width":22,"height":31,"xoffset":0,"yoffset":7,"xadvance":20,"chnl":15,"x":465,"y":142,"page":0},{"id":1089,"index":401,"char":"с","width":31,"height":26,"xoffset":0,"yoffset":12,"xadvance":22,"chnl":15,"x":161,"y":230,"page":0},{"id":101,"index":72,"char":"e","width":30,"height":27,"xoffset":1,"yoffset":10,"xadvance":22,"chnl":15,"x":104,"y":250,"page":0},{"id":115,"index":86,"char":"s","width":28,"height":30,"xoffset":-2,"yoffset":11,"xadvance":18,"chnl":15,"x":72,"y":252,"page":0},{"id":59,"index":30,"char":";","width":15,"height":30,"xoffset":-3,"yoffset":12,"xadvance":14,"chnl":15,"x":525,"y":140,"page":0},{"id":1075,"index":368,"char":"г","width":30,"height":24,"xoffset":2,"yoffset":14,"xadvance":23,"chnl":15,"x":37,"y":275,"page":0},{"id":1100,"index":386,"char":"ь","width":30,"height":27,"xoffset":1,"yoffset":11,"xadvance":21,"chnl":15,"x":0,"y":296,"page":0},{"id":1077,"index":389,"char":"е","width":29,"height":27,"xoffset":-3,"yoffset":12,"xadvance":17,"chnl":15,"x":731,"y":73,"page":0},{"id":122,"index":93,"char":"z","width":27,"height":25,"xoffset":1,"yoffset":14,"xadvance":25,"chnl":15,"x":671,"y":74,"page":0},{"id":94,"index":65,"char":"^","width":26,"height":21,"xoffset":-1,"yoffset":5,"xadvance":24,"chnl":15,"x":699,"y":74,"page":0},{"id":1108,"index":397,"char":"є","width":22,"height":26,"xoffset":2,"yoffset":11,"xadvance":22,"chnl":15,"x":135,"y":250,"page":0},{"id":114,"index":85,"char":"r","width":24,"height":25,"xoffset":2,"yoffset":13,"xadvance":21,"chnl":15,"x":699,"y":96,"page":0},{"id":42,"index":13,"char":"*","width":25,"height":22,"xoffset":-2,"yoffset":2,"xadvance":22,"chnl":15,"x":656,"y":100,"page":0},{"id":43,"index":14,"char":"+","width":25,"height":25,"xoffset":-1,"yoffset":11,"xadvance":24,"chnl":15,"x":617,"y":121,"page":0},{"id":61,"index":32,"char":"=","width":25,"height":19,"xoffset":1,"yoffset":12,"xadvance":26,"chnl":15,"x":576,"y":133,"page":0},{"id":95,"index":66,"char":"_","width":24,"height":7,"xoffset":-3,"yoffset":34,"xadvance":18,"chnl":15,"x":541,"y":141,"page":0},{"id":45,"index":16,"char":"-","width":23,"height":9,"xoffset":2,"yoffset":19,"xadvance":27,"chnl":15,"x":541,"y":149,"page":0},{"id":39,"index":10,"char":"'","width":11,"height":19,"xoffset":0,"yoffset":3,"xadvance":10,"chnl":15,"x":195,"y":73,"page":0},{"id":44,"index":15,"char":",","width":15,"height":16,"xoffset":0,"yoffset":26,"xadvance":14,"chnl":15,"x":40,"y":194,"page":0},{"id":96,"index":67,"char":"`","width":16,"height":13,"xoffset":-1,"yoffset":2,"xadvance":13,"chnl":15,"x":682,"y":100,"page":0},{"id":46,"index":17,"char":".","width":10,"height":10,"xoffset":0,"yoffset":26,"xadvance":11,"chnl":15,"x":39,"y":52,"page":0},{"id":32,"index":3,"char":" ","width":0,"height":0,"xoffset":-2,"yoffset":33,"xadvance":17,"chnl":15,"x":110,"y":49,"page":0}],"info":{"face":"segoescb","size":42,"bold":0,"italic":0,"charset":["q","w","e","r","t","y","u","i","o","p","a","s","d","f","g","h","j","k","l","z","x","c","v","b","n","m","Q","W","E","R","T","Y","U","I","O","P","A","S","D","F","G","H","J","K","L","Z","X","C","V","B","N","M","1","2","3","4","5","6","7","8","9","0"," ","[","]",";","'",",",".","/","`","!","@","#","$","%","^","&","*","(",")","_","+","-","=","Й","Ц","У","К","Е","Н","Г","Ш","Щ","З","Х","Ї","Ф","І","В","А","П","Р","О","Л","Д","Ж","Є","Я","Ч","С","М","И","Т","Ь","Б","Ю","Ґ","й","ц","у","к","е","н","г","ш","щ","з","х","ї","ґ","ф","і","в","а","п","р","о","л","д","ж","є","я","ч","с","м","и","т","ь","б","ю"],"unicode":1,"stretchH":100,"smooth":1,"aa":1,"padding":[2,2,2,2],"spacing":[0,0]},"common":{"lineHeight":45,"base":33,"scaleW":1024,"scaleH":1024,"pages":1,"packed":0,"alphaChnl":0,"redChnl":0,"greenChnl":0,"blueChnl":0},"distanceField":{"fieldType":"msdf","distanceRange":4},"kernings":[{"first":101,"second":44,"amount":5},{"first":101,"second":46,"amount":5},{"first":105,"second":44,"amount":6},{"first":105,"second":46,"amount":6},{"first":97,"second":44,"amount":4},{"first":97,"second":46,"amount":4},{"first":100,"second":44,"amount":5},{"first":100,"second":46,"amount":5},{"first":102,"second":93,"amount":11},{"first":102,"second":42,"amount":13},{"first":102,"second":41,"amount":11},{"first":104,"second":59,"amount":7},{"first":104,"second":44,"amount":7},{"first":104,"second":46,"amount":7},{"first":107,"second":59,"amount":3},{"first":107,"second":44,"amount":5},{"first":107,"second":46,"amount":5},{"first":108,"second":59,"amount":7},{"first":108,"second":44,"amount":9},{"first":108,"second":46,"amount":9},{"first":99,"second":44,"amount":2},{"first":99,"second":46,"amount":2},{"first":98,"second":44,"amount":3},{"first":98,"second":46,"amount":3},{"first":110,"second":44,"amount":9},{"first":110,"second":46,"amount":9},{"first":81,"second":65,"amount":-2},{"first":87,"second":119,"amount":-5},{"first":87,"second":101,"amount":-3},{"first":87,"second":116,"amount":2},{"first":87,"second":121,"amount":-3},{"first":87,"second":117,"amount":-3},{"first":87,"second":105,"amount":-3},{"first":87,"second":97,"amount":-3},{"first":87,"second":103,"amount":-3},{"first":87,"second":122,"amount":-4},{"first":87,"second":120,"amount":-4},{"first":87,"second":99,"amount":-3},{"first":87,"second":118,"amount":-4},{"first":87,"second":110,"amount":-2},{"first":87,"second":109,"amount":-3},{"first":87,"second":65,"amount":-3},{"first":69,"second":116,"amount":3},{"first":69,"second":122,"amount":3},{"first":69,"second":87,"amount":1},{"first":69,"second":89,"amount":2},{"first":69,"second":74,"amount":1},{"first":69,"second":88,"amount":2},{"first":69,"second":86,"amount":3},{"first":69,"second":93,"amount":3},{"first":69,"second":41,"amount":3},{"first":82,"second":119,"amount":-2},{"first":82,"second":122,"amount":2},{"first":82,"second":118,"amount":-2},{"first":82,"second":74,"amount":3},{"first":82,"second":59,"amount":10},{"first":82,"second":44,"amount":10},{"first":82,"second":46,"amount":10},{"first":84,"second":101,"amount":-3},{"first":84,"second":81,"amount":-1},{"first":84,"second":87,"amount":5},{"first":84,"second":89,"amount":8},{"first":84,"second":65,"amount":-8},{"first":84,"second":74,"amount":-8},{"first":84,"second":86,"amount":4},{"first":84,"second":93,"amount":4},{"first":84,"second":44,"amount":-5},{"first":84,"second":46,"amount":-5},{"first":84,"second":41,"amount":4},{"first":89,"second":113,"amount":-3},{"first":89,"second":119,"amount":-5},{"first":89,"second":101,"amount":-8},{"first":89,"second":114,"amount":-7},{"first":89,"second":121,"amount":-7},{"first":89,"second":117,"amount":-7},{"first":89,"second":111,"amount":-5},{"first":89,"second":112,"amount":-3},{"first":89,"second":97,"amount":-4},{"first":89,"second":115,"amount":-5},{"first":89,"second":100,"amount":-8},{"first":89,"second":102,"amount":-5},{"first":89,"second":103,"amount":-5},{"first":89,"second":122,"amount":-7},{"first":89,"second":120,"amount":-5},{"first":89,"second":99,"amount":-8},{"first":89,"second":118,"amount":-8},{"first":89,"second":110,"amount":-7},{"first":89,"second":109,"amount":-4},{"first":89,"second":81,"amount":-2},{"first":89,"second":87,"amount":2},{"first":89,"second":79,"amount":-2},{"first":89,"second":65,"amount":-6},{"first":89,"second":71,"amount":-4},{"first":89,"second":74,"amount":-6},{"first":89,"second":67,"amount":-4},{"first":89,"second":86,"amount":3},{"first":89,"second":66,"amount":-2},{"first":89,"second":93,"amount":3},{"first":89,"second":41,"amount":3},{"first":85,"second":65,"amount":-2},{"first":73,"second":119,"amount":-3},{"first":73,"second":122,"amount":-2},{"first":73,"second":118,"amount":-3},{"first":79,"second":65,"amount":-3},{"first":79,"second":74,"amount":-3},{"first":79,"second":44,"amount":-5},{"first":79,"second":46,"amount":-5},{"first":80,"second":113,"amount":-3},{"first":80,"second":101,"amount":0},{"first":80,"second":116,"amount":2},{"first":80,"second":111,"amount":-2},{"first":80,"second":97,"amount":-1},{"first":80,"second":100,"amount":-1},{"first":80,"second":103,"amount":-3},{"first":80,"second":99,"amount":-3},{"first":80,"second":87,"amount":3},{"first":80,"second":89,"amount":4},{"first":80,"second":65,"amount":-5},{"first":80,"second":71,"amount":-1},{"first":80,"second":74,"amount":-6},{"first":80,"second":86,"amount":3},{"first":80,"second":44,"amount":-8},{"first":80,"second":46,"amount":-8},{"first":65,"second":119,"amount":-1},{"first":65,"second":116,"amount":2},{"first":65,"second":121,"amount":0},{"first":65,"second":118,"amount":-2},{"first":65,"second":87,"amount":1},{"first":65,"second":84,"amount":-2},{"first":65,"second":89,"amount":-2},{"first":65,"second":85,"amount":2},{"first":65,"second":79,"amount":1},{"first":65,"second":90,"amount":1},{"first":65,"second":67,"amount":1},{"first":65,"second":86,"amount":-1},{"first":65,"second":59,"amount":2},{"first":65,"second":44,"amount":2},{"first":65,"second":46,"amount":2},{"first":65,"second":42,"amount":-2},{"first":83,"second":116,"amount":3},{"first":68,"second":119,"amount":-3},{"first":68,"second":116,"amount":6},{"first":68,"second":121,"amount":-3},{"first":68,"second":115,"amount":-2},{"first":68,"second":100,"amount":-2},{"first":68,"second":102,"amount":-2},{"first":68,"second":120,"amount":-3},{"first":68,"second":118,"amount":-2},{"first":68,"second":110,"amount":-2},{"first":68,"second":109,"amount":-2},{"first":68,"second":65,"amount":-4},{"first":68,"second":74,"amount":-7},{"first":68,"second":44,"amount":-7},{"first":68,"second":46,"amount":-7},{"first":70,"second":116,"amount":3},{"first":70,"second":87,"amount":2},{"first":70,"second":84,"amount":3},{"first":70,"second":89,"amount":3},{"first":70,"second":65,"amount":-3},{"first":70,"second":83,"amount":3},{"first":70,"second":74,"amount":-2},{"first":70,"second":86,"amount":3},{"first":70,"second":93,"amount":5},{"first":70,"second":44,"amount":-3},{"first":70,"second":46,"amount":-3},{"first":70,"second":41,"amount":5},{"first":71,"second":84,"amount":3},{"first":71,"second":86,"amount":3},{"first":71,"second":93,"amount":3},{"first":71,"second":41,"amount":3},{"first":74,"second":119,"amount":-2},{"first":74,"second":116,"amount":2},{"first":74,"second":111,"amount":1},{"first":74,"second":115,"amount":-1},{"first":74,"second":118,"amount":-2},{"first":74,"second":109,"amount":-1},{"first":74,"second":65,"amount":-3},{"first":74,"second":86,"amount":2},{"first":74,"second":93,"amount":6},{"first":74,"second":44,"amount":-2},{"first":74,"second":46,"amount":-2},{"first":74,"second":41,"amount":6},{"first":75,"second":116,"amount":2},{"first":75,"second":100,"amount":2},{"first":75,"second":103,"amount":2},{"first":75,"second":120,"amount":-2},{"first":75,"second":118,"amount":-3},{"first":75,"second":84,"amount":-3},{"first":75,"second":89,"amount":-2},{"first":75,"second":74,"amount":5},{"first":75,"second":88,"amount":3},{"first":76,"second":115,"amount":1},{"first":76,"second":100,"amount":2},{"first":76,"second":108,"amount":-2},{"first":76,"second":99,"amount":2},{"first":76,"second":118,"amount":-1},{"first":76,"second":81,"amount":1},{"first":76,"second":84,"amount":-3},{"first":76,"second":89,"amount":-3},{"first":76,"second":85,"amount":2},{"first":76,"second":65,"amount":1},{"first":76,"second":74,"amount":3},{"first":76,"second":86,"amount":-2},{"first":88,"second":74,"amount":2},{"first":67,"second":81,"amount":-3},{"first":67,"second":89,"amount":3},{"first":67,"second":65,"amount":-1},{"first":67,"second":71,"amount":-3},{"first":67,"second":67,"amount":-3},{"first":67,"second":86,"amount":3},{"first":67,"second":93,"amount":4},{"first":67,"second":41,"amount":4},{"first":86,"second":113,"amount":-3},{"first":86,"second":101,"amount":-3},{"first":86,"second":114,"amount":-3},{"first":86,"second":121,"amount":-3},{"first":86,"second":117,"amount":-4},{"first":86,"second":105,"amount":-2},{"first":86,"second":111,"amount":-2},{"first":86,"second":112,"amount":-3},{"first":86,"second":97,"amount":-3},{"first":86,"second":115,"amount":-2},{"first":86,"second":100,"amount":-3},{"first":86,"second":99,"amount":-3},{"first":86,"second":110,"amount":-3},{"first":86,"second":109,"amount":-3},{"first":86,"second":81,"amount":-1},{"first":86,"second":87,"amount":2},{"first":86,"second":79,"amount":-1},{"first":86,"second":65,"amount":-6},{"first":86,"second":71,"amount":-1},{"first":86,"second":74,"amount":-6},{"first":86,"second":67,"amount":-1},{"first":86,"second":86,"amount":3},{"first":86,"second":93,"amount":3},{"first":86,"second":41,"amount":3},{"first":77,"second":116,"amount":2},{"first":51,"second":44,"amount":-4},{"first":51,"second":46,"amount":-4},{"first":55,"second":44,"amount":-8},{"first":55,"second":46,"amount":-8},{"first":56,"second":44,"amount":-3},{"first":56,"second":46,"amount":-3},{"first":57,"second":44,"amount":-5},{"first":57,"second":46,"amount":-5},{"first":48,"second":44,"amount":-5},{"first":48,"second":46,"amount":-3},{"first":91,"second":106,"amount":10},{"first":44,"second":50,"amount":4},{"first":44,"second":55,"amount":-8},{"first":44,"second":57,"amount":-11},{"first":44,"second":48,"amount":3},{"first":46,"second":50,"amount":4},{"first":46,"second":55,"amount":-8},{"first":46,"second":57,"amount":-11},{"first":46,"second":48,"amount":3},{"first":42,"second":65,"amount":-5},{"first":42,"second":74,"amount":-6},{"first":40,"second":106,"amount":10}]}